{
 "Week": "2025-12-23",
 "LastWeek": "",
 "X": 0.1942793500272979,
 "Programs": [
  {
   "Program": "cmd/asm",
   "Version": "go1.24.11",
   "GoVersion": "go1.24.11",
   "GOOS": "linux",
   "GOARCH": "amd64",
   "Counters": {
    "asm/flag:D": 85,
    "asm/flag:I": 85,
    "asm/flag:gensymabis": 32,
    "asm/flag:o": 85,
    "asm/flag:p": 85,
    "asm/flag:trimpath": 85,
    "asm/invocations": 85
   },
   "Stacks": {}
  },
  {
   "Program": "cmd/cgo",
   "Version": "go1.24.11",
   "GoVersion": "go1.24.11",
   "GOOS": "linux",
   "GOARCH": "amd64",
   "Counters": {
    "cgo/flag:dynimport": 3,
    "cgo/flag:dynlinker": 1,
    "cgo/flag:dynout": 3,
    "cgo/flag:dynpackage": 3,
    "cgo/flag:import_runtime_cgo": 1,
    "cgo/flag:import_syscall": 1,
    "cgo/flag:importpath": 3,
    "cgo/flag:ldflags": 3,
    "cgo/flag:objdir": 3,
    "cgo/invocations": 6
   },
   "Stacks": {}
  },
  {
   "Program": "cmd/compile",
   "Version": "go1.24.11",
   "GoVersion": "go1.24.11",
   "GOOS": "linux",
   "GOARCH": "amd64",
   "Counters": {
    "compile/flag:asmhdr": 32,
    "compile/flag:buildid": 276,
    "compile/flag:c": 276,
    "compile/flag:complete": 236,
    "compile/flag:goversion": 276,
    "compile/flag:importcfg": 276,
    "compile/flag:lang": 276,
    "compile/flag:nolocalimports": 276,
    "compile/flag:o": 276,
    "compile/flag:p": 276,
    "compile/flag:pack": 276,
    "compile/flag:std": 194,
    "compile/flag:symabis": 32,
    "compile/flag:trimpath": 276,
    "compile/invocations": 336
   },
   "Stacks": {}
  },
  {
   "Program": "cmd/go",
   "Version": "go1.24.11",
   "GoVersion": "go1.24.11",
   "GOOS": "linux",
   "GOARCH": "amd64",
   "Counters": {
    "go/build/flag:buildvcs": 9,
    "go/build/flag:ldflags": 4,
    "go/build/flag:o": 13,
    "go/buildcache/hit": 1973,
    "go/buildcache/miss": 283,
    "go/buildcache/stdlib-recompiled": 2,
    "go/goroot:other": 14,
    "go/invocations": 14,
    "go/mode:module": 14,
    "go/platform/host/linux/major-version:6": 14,
    "go/platform/host/linux/version:6-14": 14,
    "go/platform/target/goamd64:v1": 14,
    "go/platform/target/goarch:amd64": 14,
    "go/platform/target/goos:linux": 14,
    "go/subcommand:build": 13,
    "go/subcommand:mod-download": 1
   },
   "Stacks": {}
  },
  {
   "Program": "cmd/link",
   "Version": "go1.24.11",
   "GoVersion": "go1.24.11",
   "GOOS": "linux",
   "GOARCH": "amd64",
   "Counters": {
    "link/flag:buildid": 7,
    "link/flag:buildmode": 7,
    "link/flag:extld": 7,
    "link/flag:importcfg": 7,
    "link/flag:o": 7,
    "link/flag:s": 3,
    "link/flag:w": 3,
    "link/invocations": 17
   },
   "Stacks": {}
  }
 ],
 "Config": "v0.0.0-0"
}